ssue%23,Action Plan %23,Asset Type,Assessment Tool,LTR Applicable to,BU,GEAR ID,Responsible CIO / L4 (List all L4 names only),Vulnerability ID (seperated by Semicolon),Asset Names (seperated by Semicolon),Target Remediation Date,Requestor Name,Project Manager Name,Scan Type,LTR Category,Region,RA Submitter (EID of submitter),RA Approver (EID of Approver),Submission Date,Approval Date,Comments,ID,Modified
"5,713,808","5,713,809",Server,Qualys,Application ID,Infrastructure Services (IS),6175;306175,Richard Shannon/Paolo Palombo,11406;91910;91943;,PLGSASCS617500D; DWGSDSCS5190012; PWGSDSCS6175000; PLGSASCS6175001; PLGSASCS6175009; PWGSASCS6175002; PLGSASCS6159001; AWGSDSCLSHRDB02; PWGSDSCS4609026,01/01/2025,"Devlin, Chris",,Internal,Remediation,North America,,,,,12/20/2022,13,
"5,713,808","5,713,809",Server,Qualys,Application ID,Infrastructure Services (IS),6175;306176,Richard Shannon/Paolo Palombo,11406;91910;91943;,PLGSASCS617500D; DWGSDSCS5190012; PWGSDSCS6175000; PLGSASCS6175001; PLGSASCS6175009; PWGSASCS6175002; PLGSASCS6159001; AWGSDSCLSHRDB02; PWGSDSCS4609027,02/01/2025,"Devlin, Chris",,Internal,Remediation,North America,,,,,12/21/2022,14,
"5,713,808","5,713,809",Server,Qualys,Application ID,Infrastructure Services (IS),6175;306177,Richard Shannon/Paolo Palombo,11406;91910;91943;,PLGSASCS617500D; DWGSDSCS5190012; PWGSDSCS6175000; PLGSASCS6175001; PLGSASCS6175009; PWGSASCS6175002; PLGSASCS6159001; AWGSDSCLSHRDB02; PWGSDSCS4609028,03/01/2025,"Devlin, Chris",,Internal,Remediation,North America,,,,,12/22/2022,15,
"5,713,808","5,713,809",Server,Qualys,Application ID,Infrastructure Services (IS),6175;306178,Richard Shannon/Paolo Palombo,11406;91910;91943;,PLGSASCS617500D; DWGSDSCS5190012; PWGSDSCS6175000; PLGSASCS6175001; PLGSASCS6175009; PWGSASCS6175002; PLGSASCS6159001; AWGSDSCLSHRDB02; PWGSDSCS4609029,04/01/2025,"Devlin, Chris",,Internal,Remediation,North America,,,,,12/23/2022,16,
"5,713,808","5,713,809",Server,Qualys,Application ID,Infrastructure Services (IS),6175;306179,Richard Shannon/Paolo Palombo,11406;91910;91943;,PLGSASCS617500D; DWGSDSCS5190012; PWGSDSCS6175000; PLGSASCS6175001; PLGSASCS6175009; PWGSASCS6175002; PLGSASCS6159001; AWGSDSCLSHRDB02; PWGSDSCS4609030,05/01/2025,"Devlin, Chris",,Internal,Remediation,North America,,,,,12/24/2022,17,
"5,713,808","5,713,809",Server,Qualys,Application ID,Infrastructure Services (IS),6175;306180,Richard Shannon/Paolo Palombo,11406;91910;91943;,PLGSASCS617500D; DWGSDSCS5190012; PWGSDSCS6175000; PLGSASCS6175001; PLGSASCS6175009; PWGSASCS6175002; PLGSASCS6159001; AWGSDSCLSHRDB02; PWGSDSCS4609031,06/01/2025,"Devlin, Chris",,Internal,Remediation,North America,,,,,12/25/2022,18,
"5,713,808","5,713,809",Server,Qualys,Application ID,Infrastructure Services (IS),6175;306181,Richard Shannon/Paolo Palombo,11406;91910;91943;,PLGSASCS617500D; DWGSDSCS5190012; PWGSDSCS6175000; PLGSASCS6175001; PLGSASCS6175009; PWGSASCS6175002; PLGSASCS6159001; AWGSDSCLSHRDB02; PWGSDSCS4609032,07/01/2025,"Devlin, Chris",,Internal,Remediation,North America,,,,,12/26/2022,19,
"5,713,808","5,713,809",Server,Qualys,Application ID,Infrastructure Services (IS),6175;306182,Richard Shannon/Paolo Palombo,11406;91910;91943;,PLGSASCS617500D; DWGSDSCS5190012; PWGSDSCS6175000; PLGSASCS6175001; PLGSASCS6175009; PWGSASCS6175002; PLGSASCS6159001; AWGSDSCLSHRDB02; PWGSDSCS4609033,08/01/2025,"Devlin, Chris",,Internal,Remediation,North America,,,,,12/27/2022,20,
"5,713,808","5,713,809",Server,Qualys,Application ID,Infrastructure Services (IS),6175;306183,Richard Shannon/Paolo Palombo,11406;91910;91943;,PLGSASCS617500D; DWGSDSCS5190012; PWGSDSCS6175000; PLGSASCS6175001; PLGSASCS6175009; PWGSASCS6175002; PLGSASCS6159001; AWGSDSCLSHRDB02; PWGSDSCS4609034,09/01/2025,"Devlin, Chris",,Internal,Remediation,North America,,,,,12/28/2022,21,
"5,713,808","5,713,809",Server,Qualys,Application ID,Infrastructure Services (IS),6175;306184,Richard Shannon/Paolo Palombo,11406;91910;91943;,PLGSASCS617500D; DWGSDSCS5190012; PWGSDSCS6175000; PLGSASCS6175001; PLGSASCS6175009; PWGSASCS6175002; PLGSASCS6159001; AWGSDSCLSHRDB02; PWGSDSCS4609035,10/01/2025,"Devlin, Chris",,Internal,Remediation,North America,,,,,12/29/2022,22,
"5,713,808","5,713,809",Server,Qualys,Application ID,Infrastructure Services (IS),6175;306185,Richard Shannon/Paolo Palombo,11406;91910;91943;,PLGSASCS617500D; DWGSDSCS5190012; PWGSDSCS6175000; PLGSASCS6175001; PLGSASCS6175009; PWGSASCS6175002; PLGSASCS6159001; AWGSDSCLSHRDB02; PWGSDSCS4609036,11/01/2025,"Devlin, Chris",,Internal,Remediation,North America,,,,,12/30/2022,23,
"5,713,808","5,713,809",Server,Qualys,Application ID,Infrastructure Services (IS),6175;306186,Richard Shannon/Paolo Palombo,11406;91910;91943;,PLGSASCS617500D; DWGSDSCS5190012; PWGSDSCS6175000; PLGSASCS6175001; PLGSASCS6175009; PWGSASCS6175002; PLGSASCS6159001; AWGSDSCLSHRDB02; PWGSDSCS4609037,12/01/2025,"Devlin, Chris",,Internal,Remediation,North America,,,,,12/31/2022,24,
"5,713,808","5,713,809",Server,Qualys,Application ID,Infrastructure Services (IS),6175;306187,Richard Shannon/Paolo Palombo,11406;91910;91943;,PLGSASCS617500D; DWGSDSCS5190012; PWGSDSCS6175000; PLGSASCS6175001; PLGSASCS6175009; PWGSASCS6175002; PLGSASCS6159001; AWGSDSCLSHRDB02; PWGSDSCS4609038,01/01/2026,"Devlin, Chris",,Internal,Remediation,North America,,,,,1/1/2023,25,
"5,713,808","5,713,809",Server,Qualys,Application ID,Infrastructure Services (IS),6175;306188,Richard Shannon/Paolo Palombo,11406;91910;91943;,PLGSASCS617500D; DWGSDSCS5190012; PWGSDSCS6175000; PLGSASCS6175001; PLGSASCS6175009; PWGSASCS6175002; PLGSASCS6159001; AWGSDSCLSHRDB02; PWGSDSCS4609039,02/01/2026,"Devlin, Chris",,Internal,Remediation,North America,,,,,1/2/2023,26,
"5,713,808","5,713,809",Server,Qualys,Application ID,Infrastructure Services (IS),6175;306189,Richard Shannon/Paolo Palombo,11406;91910;91943;,PLGSASCS617500D; DWGSDSCS5190012; PWGSDSCS6175000; PLGSASCS6175001; PLGSASCS6175009; PWGSASCS6175002; PLGSASCS6159001; AWGSDSCLSHRDB02; PWGSDSCS4609040,03/01/2026,"Devlin, Chris",,Internal,Remediation,North America,,,,,1/3/2023,27,
"5,713,808","5,713,809",Server,Qualys,Application ID,Infrastructure Services (IS),6175;306190,Richard Shannon/Paolo Palombo,11406;91910;91943;,PLGSASCS617500D; DWGSDSCS5190012; PWGSDSCS6175000; PLGSASCS6175001; PLGSASCS6175009; PWGSASCS6175002; PLGSASCS6159001; AWGSDSCLSHRDB02; PWGSDSCS4609041,04/01/2026,"Devlin, Chris",,Internal,Remediation,North America,,,,,1/4/2023,28,
"5,713,808","5,713,809",Server,Qualys,Application ID,Infrastructure Services (IS),6175;306191,Richard Shannon/Paolo Palombo,11406;91910;91943;,PLGSASCS617500D; DWGSDSCS5190012; PWGSDSCS6175000; PLGSASCS6175001; PLGSASCS6175009; PWGSASCS6175002; PLGSASCS6159001; AWGSDSCLSHRDB02; PWGSDSCS4609042,05/01/2026,"Devlin, Chris",,Internal,Remediation,North America,,,,,1/5/2023,29,
"5,713,808","5,713,809",Server,Qualys,Application ID,Infrastructure Services (IS),6175;306192,Richard Shannon/Paolo Palombo,11406;91910;91943;,PLGSASCS617500D; DWGSDSCS5190012; PWGSDSCS6175000; PLGSASCS6175001; PLGSASCS6175009; PWGSASCS6175002; PLGSASCS6159001; AWGSDSCLSHRDB02; PWGSDSCS4609043,06/01/2026,"Devlin, Chris",,Internal,Remediation,North America,,,,,1/6/2023,30,
"5,713,808","5,713,809",Server,Qualys,Application ID,Infrastructure Services (IS),6175;306193,Richard Shannon/Paolo Palombo,11406;91910;91943;,PLGSASCS617500D; DWGSDSCS5190012; PWGSDSCS6175000; PLGSASCS6175001; PLGSASCS6175009; PWGSASCS6175002; PLGSASCS6159001; AWGSDSCLSHRDB02; PWGSDSCS4609044,07/01/2026,"Devlin, Chris",,Internal,Remediation,North America,,,,,1/7/2023,31,
"5,713,808","5,713,809",Server,Qualys,Application ID,Infrastructure Services (IS),6175;306194,Richard Shannon/Paolo Palombo,11406;91910;91943;,PLGSASCS617500D; DWGSDSCS5190012; PWGSDSCS6175000; PLGSASCS6175001; PLGSASCS6175009; PWGSASCS6175002; PLGSASCS6159001; AWGSDSCLSHRDB02; PWGSDSCS4609045,08/01/2026,"Devlin, Chris",,Internal,Remediation,North America,,,,,1/8/2023,32,
"5,713,808","5,713,809",Server,Qualys,Application ID,Infrastructure Services (IS),6175;306195,Richard Shannon/Paolo Palombo,11406;91910;91943;,PLGSASCS617500D; DWGSDSCS5190012; PWGSDSCS6175000; PLGSASCS6175001; PLGSASCS6175009; PWGSASCS6175002; PLGSASCS6159001; AWGSDSCLSHRDB02; PWGSDSCS4609046,09/01/2026,"Devlin, Chris",,Internal,Remediation,North America,,,,,1/9/2023,33,
"5,713,808","5,713,809",Server,Qualys,Application ID,Infrastructure Services (IS),6175;306196,Richard Shannon/Paolo Palombo,11406;91910;91943;,PLGSASCS617500D; DWGSDSCS5190012; PWGSDSCS6175000; PLGSASCS6175001; PLGSASCS6175009; PWGSASCS6175002; PLGSASCS6159001; AWGSDSCLSHRDB02; PWGSDSCS4609047,10/01/2026,"Devlin, Chris",,Internal,Remediation,North America,,,,,1/10/2023,34,
"5,713,808","5,713,809",Server,Qualys,Application ID,Infrastructure Services (IS),6175;306197,Richard Shannon/Paolo Palombo,11406;91910;91943;,PLGSASCS617500D; DWGSDSCS5190012; PWGSDSCS6175000; PLGSASCS6175001; PLGSASCS6175009; PWGSASCS6175002; PLGSASCS6159001; AWGSDSCLSHRDB02; PWGSDSCS4609048,11/01/2026,"Devlin, Chris",,Internal,Remediation,North America,,,,,1/11/2023,35,
"5,713,808","5,713,809",Server,Qualys,Application ID,Infrastructure Services (IS),6175;306200,Richard Shannon/Paolo Palombo,11406;91910;91943;,PLGSASCS617500D; DWGSDSCS5190012; PWGSDSCS6175000; PLGSASCS6175001; PLGSASCS6175009; PWGSASCS6175002; PLGSASCS6159001; AWGSDSCLSHRDB02; PWGSDSCS4609049,12/01/2026,"Devlin, Chris",,Internal,Remediation,North America,,,,,1/14/2023,38,
"5,713,808","5,713,809",Server,Qualys,Application ID,Infrastructure Services (IS),6175;306201,Richard Shannon/Paolo Palombo,11406;91910;91943;,PLGSASCS617500D; DWGSDSCS5190012; PWGSDSCS6175000; PLGSASCS6175001; PLGSASCS6175009; PWGSASCS6175002; PLGSASCS6159001; AWGSDSCLSHRDB02; PWGSDSCS4609050,01/01/2027,"Devlin, Chris",,Internal,Remediation,North America,,,,,1/15/2023,39,
"5,713,808","5,713,809",Server,Qualys,Application ID,Infrastructure Services (IS),6175;306202,Richard Shannon/Paolo Palombo,11406;91910;91943;,PLGSASCS617500D; DWGSDSCS5190012; PWGSDSCS6175000; PLGSASCS6175001; PLGSASCS6175009; PWGSASCS6175002; PLGSASCS6159001; AWGSDSCLSHRDB02; PWGSDSCS4609051,02/01/2027,"Devlin, Chris",,Internal,Remediation,North America,,,,,1/16/2023,40,
"5,713,808","5,713,809",Server,Qualys,Application ID,Infrastructure Services (IS),6175;306203,Richard Shannon/Paolo Palombo,11406;91910;91943;,PLGSASCS617500D; DWGSDSCS5190012; PWGSDSCS6175000; PLGSASCS6175001; PLGSASCS6175009; PWGSASCS6175002; PLGSASCS6159001; AWGSDSCLSHRDB02; PWGSDSCS4609052,03/01/2027,"Devlin, Chris",,Internal,Remediation,North America,,,,,1/17/2023,41,
"5,713,808","5,713,809",Server,Qualys,Application ID,Infrastructure Services (IS),6175;306204,Richard Shannon/Paolo Palombo,11406;91910;91943;,PLGSASCS617500D; DWGSDSCS5190012; PWGSDSCS6175000; PLGSASCS6175001; PLGSASCS6175009; PWGSASCS6175002; PLGSASCS6159001; AWGSDSCLSHRDB02; PWGSDSCS4609053,04/01/2027,"Devlin, Chris",,Internal,Remediation,North America,,,,,1/18/2023,42,
"5,713,808","5,713,809",Server,Qualys,Application ID,Infrastructure Services (IS),6175;306205,Richard Shannon/Paolo Palombo,11406;91910;91943;,PLGSASCS617500D; DWGSDSCS5190012; PWGSDSCS6175000; PLGSASCS6175001; PLGSASCS6175009; PWGSASCS6175002; PLGSASCS6159001; AWGSDSCLSHRDB02; PWGSDSCS4609054,05/01/2027,"Devlin, Chris",,Internal,Remediation,North America,,,,,1/19/2023,43,
"5,713,808","5,713,809",Server,Qualys,Application ID,Infrastructure Services (IS),6175;306206,Richard Shannon/Paolo Palombo,11406;91910;91943;,PLGSASCS617500D; DWGSDSCS5190012; PWGSDSCS6175000; PLGSASCS6175001; PLGSASCS6175009; PWGSASCS6175002; PLGSASCS6159001; AWGSDSCLSHRDB02; PWGSDSCS4609055,06/01/2027,"Devlin, Chris",,Internal,Remediation,North America,,,,,1/20/2023,44,
"5,713,808","5,713,809",Server,Qualys,Application ID,Infrastructure Services (IS),6175;306207,Richard Shannon/Paolo Palombo,11406;91910;91943;,PLGSASCS617500D; DWGSDSCS5190012; PWGSDSCS6175000; PLGSASCS6175001; PLGSASCS6175009; PWGSASCS6175002; PLGSASCS6159001; AWGSDSCLSHRDB02; PWGSDSCS4609056,07/01/2027,"Devlin, Chris",,Internal,Remediation,North America,,,,,1/21/2023,45,
"5,713,808","5,713,809",Server,Qualys,Application ID,Infrastructure Services (IS),6175;306208,Richard Shannon/Paolo Palombo,11406;91910;91943;,PLGSASCS617500D; DWGSDSCS5190012; PWGSDSCS6175000; PLGSASCS6175001; PLGSASCS6175009; PWGSASCS6175002; PLGSASCS6159001; AWGSDSCLSHRDB02; PWGSDSCS4609057,08/01/2027,"Devlin, Chris",,Internal,Remediation,North America,,,,,1/22/2023,46,
"5,713,808","5,713,809",Server,Qualys,Application ID,Infrastructure Services (IS),6175;306209,Richard Shannon/Paolo Palombo,11406;91910;91943;,PLGSASCS617500D; DWGSDSCS5190012; PWGSDSCS6175000; PLGSASCS6175001; PLGSASCS6175009; PWGSASCS6175002; PLGSASCS6159001; AWGSDSCLSHRDB02; PWGSDSCS4609058,09/01/2027,"Devlin, Chris",,Internal,Remediation,North America,,,,,1/23/2023,47,
"5,713,808","5,713,809",Server,Qualys,Application ID,Infrastructure Services (IS),6175;306210,Richard Shannon/Paolo Palombo,11406;91910;91943;,PLGSASCS617500D; DWGSDSCS5190012; PWGSDSCS6175000; PLGSASCS6175001; PLGSASCS6175009; PWGSASCS6175002; PLGSASCS6159001; AWGSDSCLSHRDB02; PWGSDSCS4609059,10/01/2027,"Devlin, Chris",,Internal,Remediation,North America,,,,,1/24/2023,48,
"5,713,808","5,713,809",Server,Qualys,Application ID,Infrastructure Services (IS),6175;306211,Richard Shannon/Paolo Palombo,11406;91910;91943;,PLGSASCS617500D; DWGSDSCS5190012; PWGSDSCS6175000; PLGSASCS6175001; PLGSASCS6175009; PWGSASCS6175002; PLGSASCS6159001; AWGSDSCLSHRDB02; PWGSDSCS4609060,11/01/2027,"Devlin, Chris",,Internal,Remediation,North America,,,,,1/25/2023,49,
"5,713,808","5,713,809",Server,Qualys,Application ID,Infrastructure Services (IS),6175;306212,Richard Shannon/Paolo Palombo,11406;91910;91943;,PLGSASCS617500D; DWGSDSCS5190012; PWGSDSCS6175000; PLGSASCS6175001; PLGSASCS6175009; PWGSASCS6175002; PLGSASCS6159001; AWGSDSCLSHRDB02; PWGSDSCS4609061,12/01/2027,"Devlin, Chris",,Internal,Remediation,North America,,,,,1/26/2023,50,
"5,713,808","5,713,809",Server,Qualys,Application ID,Infrastructure Services (IS),6175;306213,Richard Shannon/Paolo Palombo,11406;91910;91943;,PLGSASCS617500D; DWGSDSCS5190012; PWGSDSCS6175000; PLGSASCS6175001; PLGSASCS6175009; PWGSASCS6175002; PLGSASCS6159001; AWGSDSCLSHRDB02; PWGSDSCS4609062,01/01/2028,"Devlin, Chris",,Internal,Remediation,North America,,,,,1/27/2023,51,
"5,713,808","5,713,809",Server,Qualys,Application ID,Infrastructure Services (IS),6175;306214,Richard Shannon/Paolo Palombo,11406;91910;91943;,PLGSASCS617500D; DWGSDSCS5190012; PWGSDSCS6175000; PLGSASCS6175001; PLGSASCS6175009; PWGSASCS6175002; PLGSASCS6159001; AWGSDSCLSHRDB02; PWGSDSCS4609063,02/01/2028,"Devlin, Chris",,Internal,Remediation,North America,,,,,1/28/2023,52,
"5,713,808","5,713,809",Server,Qualys,Application ID,Infrastructure Services (IS),6175;306215,Richard Shannon/Paolo Palombo,11406;91910;91943;,PLGSASCS617500D; DWGSDSCS5190012; PWGSDSCS6175000; PLGSASCS6175001; PLGSASCS6175009; PWGSASCS6175002; PLGSASCS6159001; AWGSDSCLSHRDB02; PWGSDSCS4609064,03/01/2028,"Devlin, Chris",,Internal,Remediation,North America,,,,,1/29/2023,53,
"5,713,808","5,713,809",Server,Qualys,Application ID,Infrastructure Services (IS),6175;306216,Richard Shannon/Paolo Palombo,11406;91910;91943;,PLGSASCS617500D; DWGSDSCS5190012; PWGSDSCS6175000; PLGSASCS6175001; PLGSASCS6175009; PWGSASCS6175002; PLGSASCS6159001; AWGSDSCLSHRDB02; PWGSDSCS4609065,04/01/2028,"Devlin, Chris",,Internal,Remediation,North America,,,,,1/30/2023,54,
"5,713,808","5,713,809",Server,Qualys,Application ID,Infrastructure Services (IS),6175;306217,Richard Shannon/Paolo Palombo,11406;91910;91943;,PLGSASCS617500D; DWGSDSCS5190012; PWGSDSCS6175000; PLGSASCS6175001; PLGSASCS6175009; PWGSASCS6175002; PLGSASCS6159001; AWGSDSCLSHRDB02; PWGSDSCS4609066,05/01/2028,"Devlin, Chris",,Internal,Remediation,North America,,,,,1/31/2023,55,
"5,713,808","5,713,809",Server,Qualys,Application ID,Infrastructure Services (IS),6175;306218,Richard Shannon/Paolo Palombo,11406;91910;91943;,PLGSASCS617500D; DWGSDSCS5190012; PWGSDSCS6175000; PLGSASCS6175001; PLGSASCS6175009; PWGSASCS6175002; PLGSASCS6159001; AWGSDSCLSHRDB02; PWGSDSCS4609067,06/01/2028,"Devlin, Chris",,Internal,Remediation,North America,,,,,2/1/2023,56,
"5,713,808","5,713,809",Server,Qualys,Application ID,Infrastructure Services (IS),6175;306219,Richard Shannon/Paolo Palombo,11406;91910;91943;,PLGSASCS617500D; DWGSDSCS5190012; PWGSDSCS6175000; PLGSASCS6175001; PLGSASCS6175009; PWGSASCS6175002; PLGSASCS6159001; AWGSDSCLSHRDB02; PWGSDSCS4609068,07/01/2028,"Devlin, Chris",,Internal,Remediation,North America,,,,,2/2/2023,57,
"5,713,808","5,713,809",Server,Qualys,Application ID,Infrastructure Services (IS),6175;306220,Richard Shannon/Paolo Palombo,11406;91910;91943;,PLGSASCS617500D; DWGSDSCS5190012; PWGSDSCS6175000; PLGSASCS6175001; PLGSASCS6175009; PWGSASCS6175002; PLGSASCS6159001; AWGSDSCLSHRDB02; PWGSDSCS4609069,08/01/2028,"Devlin, Chris",,Internal,Remediation,North America,,,,,2/3/2023,58,
"5,713,808","5,713,809",Server,Qualys,Application ID,Infrastructure Services (IS),6175;306221,Richard Shannon/Paolo Palombo,11406;91910;91943;,PLGSASCS617500D; DWGSDSCS5190012; PWGSDSCS6175000; PLGSASCS6175001; PLGSASCS6175009; PWGSASCS6175002; PLGSASCS6159001; AWGSDSCLSHRDB02; PWGSDSCS4609070,09/01/2028,"Devlin, Chris",,Internal,Remediation,North America,,,,,2/4/2023,59,
"5,713,808","5,713,809",Server,Qualys,Application ID,Infrastructure Services (IS),6175;306222,Richard Shannon/Paolo Palombo,11406;91910;91943;,PLGSASCS617500D; DWGSDSCS5190012; PWGSDSCS6175000; PLGSASCS6175001; PLGSASCS6175009; PWGSASCS6175002; PLGSASCS6159001; AWGSDSCLSHRDB02; PWGSDSCS4609071,10/01/2028,"Devlin, Chris",,Internal,Remediation,North America,,,,,2/5/2023,60,
"5,713,808","5,713,809",Server,Qualys,Application ID,Infrastructure Services (IS),6175;306223,Richard Shannon/Paolo Palombo,11406;91910;91943;,PLGSASCS617500D; DWGSDSCS5190012; PWGSDSCS6175000; PLGSASCS6175001; PLGSASCS6175009; PWGSASCS6175002; PLGSASCS6159001; AWGSDSCLSHRDB02; PWGSDSCS4609072,11/01/2028,"Devlin, Chris",,Internal,Remediation,North America,,,,,2/6/2023,61,
"5,713,808","5,713,809",Server,Qualys,Application ID,Infrastructure Services (IS),6175;306224,Richard Shannon/Paolo Palombo,11406;91910;91943;,PLGSASCS617500D; DWGSDSCS5190012; PWGSDSCS6175000; PLGSASCS6175001; PLGSASCS6175009; PWGSASCS6175002; PLGSASCS6159001; AWGSDSCLSHRDB02; PWGSDSCS4609073,12/01/2028,"Devlin, Chris",,Internal,Remediation,North America,,,,,2/7/2023,62,
"5,713,808","5,713,809",Server,Qualys,Application ID,Infrastructure Services (IS),6175;306225,Richard Shannon/Paolo Palombo,11406;91910;91943;,PLGSASCS617500D; DWGSDSCS5190012; PWGSDSCS6175000; PLGSASCS6175001; PLGSASCS6175009; PWGSASCS6175002; PLGSASCS6159001; AWGSDSCLSHRDB02; PWGSDSCS4609074,01/01/2029,"Devlin, Chris",,Internal,Remediation,North America,,,,,2/8/2023,63,
"5,713,808","5,713,809",Server,Qualys,Application ID,Infrastructure Services (IS),6175;306226,Richard Shannon/Paolo Palombo,11406;91910;91943;,PLGSASCS617500D; DWGSDSCS5190012; PWGSDSCS6175000; PLGSASCS6175001; PLGSASCS6175009; PWGSASCS6175002; PLGSASCS6159001; AWGSDSCLSHRDB02; PWGSDSCS4609075,02/01/2029,"Devlin, Chris",,Internal,Remediation,North America,,,,,2/9/2023,64,
"5,713,808","5,713,809",Server,Qualys,Application ID,Infrastructure Services (IS),6175;306227,Richard Shannon/Paolo Palombo,11406;91910;91943;,PLGSASCS617500D; DWGSDSCS5190012; PWGSDSCS6175000; PLGSASCS6175001; PLGSASCS6175009; PWGSASCS6175002; PLGSASCS6159001; AWGSDSCLSHRDB02; PWGSDSCS4609076,03/01/2029,"Devlin, Chris",,Internal,Remediation,North America,,,,,2/10/2023,65,
"5,713,808","5,713,809",Server,Qualys,Application ID,Infrastructure Services (IS),6175;306228,Richard Shannon/Paolo Palombo,11406;91910;91943;,PLGSASCS617500D; DWGSDSCS5190012; PWGSDSCS6175000; PLGSASCS6175001; PLGSASCS6175009; PWGSASCS6175002; PLGSASCS6159001; AWGSDSCLSHRDB02; PWGSDSCS4609077,04/01/2029,"Devlin, Chris",,Internal,Remediation,North America,,,,,2/11/2023,66,
"5,713,808","5,713,809",Server,Qualys,Application ID,Infrastructure Services (IS),6175;306229,Richard Shannon/Paolo Palombo,11406;91910;91943;,PLGSASCS617500D; DWGSDSCS5190012; PWGSDSCS6175000; PLGSASCS6175001; PLGSASCS6175009; PWGSASCS6175002; PLGSASCS6159001; AWGSDSCLSHRDB02; PWGSDSCS4609078,05/01/2029,"Devlin, Chris",,Internal,Remediation,North America,,,,,2/12/2023,67,
"5,713,808","5,713,809",Server,Qualys,Application ID,Infrastructure Services (IS),6175;306230,Richard Shannon/Paolo Palombo,11406;91910;91943;,PLGSASCS617500D; DWGSDSCS5190012; PWGSDSCS6175000; PLGSASCS6175001; PLGSASCS6175009; PWGSASCS6175002; PLGSASCS6159001; AWGSDSCLSHRDB02; PWGSDSCS4609079,06/01/2029,"Devlin, Chris",,Internal,Remediation,North America,,,,,2/13/2023,68,
"5,713,808","5,713,809",Server,Qualys,Application ID,Infrastructure Services (IS),6175;306231,Richard Shannon/Paolo Palombo,11406;91910;91943;,PLGSASCS617500D; DWGSDSCS5190012; PWGSDSCS6175000; PLGSASCS6175001; PLGSASCS6175009; PWGSASCS6175002; PLGSASCS6159001; AWGSDSCLSHRDB02; PWGSDSCS4609080,07/01/2029,"Devlin, Chris",,Internal,Remediation,North America,,,,,2/14/2023,69,
"5,713,808","5,713,809",Server,Qualys,Application ID,Infrastructure Services (IS),6175;306232,Richard Shannon/Paolo Palombo,11406;91910;91943;,PLGSASCS617500D; DWGSDSCS5190012; PWGSDSCS6175000; PLGSASCS6175001; PLGSASCS6175009; PWGSASCS6175002; PLGSASCS6159001; AWGSDSCLSHRDB02; PWGSDSCS4609081,08/01/2029,"Devlin, Chris",,Internal,Remediation,North America,,,,,2/15/2023,70,
"5,713,808","5,713,809",Server,Qualys,Application ID,Infrastructure Services (IS),6175;306233,Richard Shannon/Paolo Palombo,11406;91910;91943;,PLGSASCS617500D; DWGSDSCS5190012; PWGSDSCS6175000; PLGSASCS6175001; PLGSASCS6175009; PWGSASCS6175002; PLGSASCS6159001; AWGSDSCLSHRDB02; PWGSDSCS4609082,09/01/2029,"Devlin, Chris",,Internal,Remediation,North America,,,,,2/16/2023,71,
"5,713,808","5,713,809",Server,Qualys,Application ID,Infrastructure Services (IS),6175;306234,Richard Shannon/Paolo Palombo,11406;91910;91943;,PLGSASCS617500D; DWGSDSCS5190012; PWGSDSCS6175000; PLGSASCS6175001; PLGSASCS6175009; PWGSASCS6175002; PLGSASCS6159001; AWGSDSCLSHRDB02; PWGSDSCS4609083,10/01/2029,"Devlin, Chris",,Internal,Remediation,North America,,,,,2/17/2023,72,
"5,713,808","5,713,809",Server,Qualys,Application ID,Infrastructure Services (IS),6175;306235,Richard Shannon/Paolo Palombo,11406;91910;91943;,PLGSASCS617500D; DWGSDSCS5190012; PWGSDSCS6175000; PLGSASCS6175001; PLGSASCS6175009; PWGSASCS6175002; PLGSASCS6159001; AWGSDSCLSHRDB02; PWGSDSCS4609084,11/01/2029,"Devlin, Chris",,Internal,Remediation,North America,,,,,2/18/2023,73,
"5,713,808","5,713,809",Server,Qualys,Application ID,Infrastructure Services (IS),6175;306236,Richard Shannon/Paolo Palombo,11406;91910;91943;,PLGSASCS617500D; DWGSDSCS5190012; PWGSDSCS6175000; PLGSASCS6175001; PLGSASCS6175009; PWGSASCS6175002; PLGSASCS6159001; AWGSDSCLSHRDB02; PWGSDSCS4609085,12/01/2029,"Devlin, Chris",,Internal,Remediation,North America,,,,,2/19/2023,74,
"5,713,808","5,713,809",Server,Qualys,Application ID,Infrastructure Services (IS),6175;306237,Richard Shannon/Paolo Palombo,11406;91910;91943;,PLGSASCS617500D; DWGSDSCS5190012; PWGSDSCS6175000; PLGSASCS6175001; PLGSASCS6175009; PWGSASCS6175002; PLGSASCS6159001; AWGSDSCLSHRDB02; PWGSDSCS4609086,01/01/2030,"Devlin, Chris",,Internal,Remediation,North America,,,,,2/20/2023,75,
"5,713,808","5,713,809",Server,Qualys,Application ID,Infrastructure Services (IS),6175;306238,Richard Shannon/Paolo Palombo,11406;91910;91943;,PLGSASCS617500D; DWGSDSCS5190012; PWGSDSCS6175000; PLGSASCS6175001; PLGSASCS6175009; PWGSASCS6175002; PLGSASCS6159001; AWGSDSCLSHRDB02; PWGSDSCS4609087,02/01/2030,"Devlin, Chris",,Internal,Remediation,North America,,,,,2/21/2023,76,
"5,713,808","5,713,809",Server,Qualys,Application ID,Infrastructure Services (IS),6175;306239,Richard Shannon/Paolo Palombo,11406;91910;91943;,PLGSASCS617500D; DWGSDSCS5190012; PWGSDSCS6175000; PLGSASCS6175001; PLGSASCS6175009; PWGSASCS6175002; PLGSASCS6159001; AWGSDSCLSHRDB02; PWGSDSCS4609088,03/01/2030,"Devlin, Chris",,Internal,Remediation,North America,,,,,2/22/2023,77,
"5,713,808","5,713,809",Server,Qualys,Application ID,Infrastructure Services (IS),6175;306240,Richard Shannon/Paolo Palombo,11406;91910;91943;,PLGSASCS617500D; DWGSDSCS5190012; PWGSDSCS6175000; PLGSASCS6175001; PLGSASCS6175009; PWGSASCS6175002; PLGSASCS6159001; AWGSDSCLSHRDB02; PWGSDSCS4609089,04/01/2030,"Devlin, Chris",,Internal,Remediation,North America,,,,,2/23/2023,78,
"5,713,808","5,713,809",Server,Qualys,Application ID,Infrastructure Services (IS),6175;306241,Richard Shannon/Paolo Palombo,11406;91910;91943;,PLGSASCS617500D; DWGSDSCS5190012; PWGSDSCS6175000; PLGSASCS6175001; PLGSASCS6175009; PWGSASCS6175002; PLGSASCS6159001; AWGSDSCLSHRDB02; PWGSDSCS4609090,05/01/2030,"Devlin, Chris",,Internal,Remediation,North America,,,,,2/24/2023,79,
"5,713,808","5,713,809",Server,Qualys,Application ID,Infrastructure Services (IS),6175;306242,Richard Shannon/Paolo Palombo,11406;91910;91943;,PLGSASCS617500D; DWGSDSCS5190012; PWGSDSCS6175000; PLGSASCS6175001; PLGSASCS6175009; PWGSASCS6175002; PLGSASCS6159001; AWGSDSCLSHRDB02; PWGSDSCS4609091,06/01/2030,"Devlin, Chris",,Internal,Remediation,North America,,,,,2/25/2023,80,
"5,713,808","5,713,809",Server,Qualys,Application ID,Infrastructure Services (IS),6175;306243,Richard Shannon/Paolo Palombo,11406;91910;91943;,PLGSASCS617500D; DWGSDSCS5190012; PWGSDSCS6175000; PLGSASCS6175001; PLGSASCS6175009; PWGSASCS6175002; PLGSASCS6159001; AWGSDSCLSHRDB02; PWGSDSCS4609092,07/01/2030,"Devlin, Chris",,Internal,Remediation,North America,,,,,2/26/2023,81,
"5,713,808","5,713,809",Server,Qualys,Application ID,Infrastructure Services (IS),6175;306244,Richard Shannon/Paolo Palombo,11406;91910;91943;,PLGSASCS617500D; DWGSDSCS5190012; PWGSDSCS6175000; PLGSASCS6175001; PLGSASCS6175009; PWGSASCS6175002; PLGSASCS6159001; AWGSDSCLSHRDB02; PWGSDSCS4609093,08/01/2030,"Devlin, Chris",,Internal,Remediation,North America,,,,,2/27/2023,82,
"5,713,808","5,713,809",Server,Qualys,Application ID,Infrastructure Services (IS),6175;306245,Richard Shannon/Paolo Palombo,11406;91910;91943;,PLGSASCS617500D; DWGSDSCS5190012; PWGSDSCS6175000; PLGSASCS6175001; PLGSASCS6175009; PWGSASCS6175002; PLGSASCS6159001; AWGSDSCLSHRDB02; PWGSDSCS4609094,09/01/2030,"Devlin, Chris",,Internal,Remediation,North America,,,,,2/28/2023,83,
"5,713,808","5,713,809",Server,Qualys,Application ID,Infrastructure Services (IS),6175;306246,Richard Shannon/Paolo Palombo,11406;91910;91943;,PLGSASCS617500D; DWGSDSCS5190012; PWGSDSCS6175000; PLGSASCS6175001; PLGSASCS6175009; PWGSASCS6175002; PLGSASCS6159001; AWGSDSCLSHRDB02; PWGSDSCS4609095,10/01/2030,"Devlin, Chris",,Internal,Remediation,North America,,,,,3/1/2023,84,
"5,713,808","5,713,809",Server,Qualys,Application ID,Infrastructure Services (IS),6175;306247,Richard Shannon/Paolo Palombo,11406;91910;91943;,PLGSASCS617500D; DWGSDSCS5190012; PWGSDSCS6175000; PLGSASCS6175001; PLGSASCS6175009; PWGSASCS6175002; PLGSASCS6159001; AWGSDSCLSHRDB02; PWGSDSCS4609096,11/01/2030,"Devlin, Chris",,Internal,Remediation,North America,,,,,3/2/2023,85,
"5,713,808","5,713,809",Server,Qualys,Application ID,Infrastructure Services (IS),6175;306248,Richard Shannon/Paolo Palombo,11406;91910;91943;,PLGSASCS617500D; DWGSDSCS5190012; PWGSDSCS6175000; PLGSASCS6175001; PLGSASCS6175009; PWGSASCS6175002; PLGSASCS6159001; AWGSDSCLSHRDB02; PWGSDSCS4609097,12/01/2030,"Devlin, Chris",,Internal,Remediation,North America,,,,,3/3/2023,86,
"5,713,808","5,713,809",Server,Qualys,Application ID,Infrastructure Services (IS),6175;306249,Richard Shannon/Paolo Palombo,11406;91910;91943;,PLGSASCS617500D; DWGSDSCS5190012; PWGSDSCS6175000; PLGSASCS6175001; PLGSASCS6175009; PWGSASCS6175002; PLGSASCS6159001; AWGSDSCLSHRDB02; PWGSDSCS4609101,12/04/2024,"Devlin, Chris",,Internal,Remediation,North America,,,,,3/4/2023,87,
"5,713,808","5,713,809",Server,Qualys,Application ID,Infrastructure Services (IS),6175;306250,Richard Shannon/Paolo Palombo,11406;91910;91943;,PLGSASCS617500D; DWGSDSCS5190012; PWGSDSCS6175000; PLGSASCS6175001; PLGSASCS6175009; PWGSASCS6175002; PLGSASCS6159001; AWGSDSCLSHRDB02; PWGSDSCS4609102,12/05/2024,"Devlin, Chris",,Internal,Remediation,North America,,,,,3/5/2023,88,
"5,713,808","5,713,809",Server,Qualys,Application ID,Infrastructure Services (IS),6175;306251,Richard Shannon/Paolo Palombo,11406;91910;91943;,PLGSASCS617500D; DWGSDSCS5190012; PWGSDSCS6175000; PLGSASCS6175001; PLGSASCS6175009; PWGSASCS6175002; PLGSASCS6159001; AWGSDSCLSHRDB02; PWGSDSCS4609103,12/06/2024,"Devlin, Chris",,Internal,Remediation,North America,,,,,3/6/2023,89,
"5,713,808","5,713,809",Server,Qualys,Application ID,Infrastructure Services (IS),6175;306252,Richard Shannon/Paolo Palombo,11406;91910;91943;,PLGSASCS617500D; DWGSDSCS5190012; PWGSDSCS6175000; PLGSASCS6175001; PLGSASCS6175009; PWGSASCS6175002; PLGSASCS6159001; AWGSDSCLSHRDB02; PWGSDSCS4609104,12/07/2024,"Devlin, Chris",,Internal,Remediation,North America,,,,,3/7/2023,90,
"5,713,808","5,713,809",Server,Qualys,Application ID,Infrastructure Services (IS),6175;306253,Richard Shannon/Paolo Palombo,11406;91910;91943;,PLGSASCS617500D; DWGSDSCS5190012; PWGSDSCS6175000; PLGSASCS6175001; PLGSASCS6175009; PWGSASCS6175002; PLGSASCS6159001; AWGSDSCLSHRDB02; PWGSDSCS4609105,12/08/2024,"Devlin, Chris",,Internal,Remediation,North America,,,,,3/8/2023,91,
"5,713,808","5,713,809",Server,Qualys,Application ID,Infrastructure Services (IS),6175;306254,Richard Shannon/Paolo Palombo,11406;91910;91943;,PLGSASCS617500D; DWGSDSCS5190012; PWGSDSCS6175000; PLGSASCS6175001; PLGSASCS6175009; PWGSASCS6175002; PLGSASCS6159001; AWGSDSCLSHRDB02; PWGSDSCS4609106,12/09/2024,"Devlin, Chris",,Internal,Remediation,North America,,,,,3/9/2023,92,
"5,713,808","5,713,809",Server,Qualys,Application ID,Infrastructure Services (IS),6175;306255,Richard Shannon/Paolo Palombo,11406;91910;91943;,PLGSASCS617500D; DWGSDSCS5190012; PWGSDSCS6175000; PLGSASCS6175001; PLGSASCS6175009; PWGSASCS6175002; PLGSASCS6159001; AWGSDSCLSHRDB02; PWGSDSCS4609107,12/10/2024,"Devlin, Chris",,Internal,Remediation,North America,,,,,3/10/2023,93,
"5,713,808","5,713,809",Server,Qualys,Application ID,Infrastructure Services (IS),6175;306256,Richard Shannon/Paolo Palombo,11406;91910;91943;,PLGSASCS617500D; DWGSDSCS5190012; PWGSDSCS6175000; PLGSASCS6175001; PLGSASCS6175009; PWGSASCS6175002; PLGSASCS6159001; AWGSDSCLSHRDB02; PWGSDSCS4609108,12/11/2024,"Devlin, Chris",,Internal,Remediation,North America,,,,,3/11/2023,94,
"5,713,808","5,713,809",Server,Qualys,Application ID,Infrastructure Services (IS),6175;306257,Richard Shannon/Paolo Palombo,11406;91910;91943;,PLGSASCS617500D; DWGSDSCS5190012; PWGSDSCS6175000; PLGSASCS6175001; PLGSASCS6175009; PWGSASCS6175002; PLGSASCS6159001; AWGSDSCLSHRDB02; PWGSDSCS4609109,12/12/2024,"Devlin, Chris",,Internal,Remediation,North America,,,,,3/12/2023,95,
"5,713,808","5,713,809",Server,Qualys,Application ID,Infrastructure Services (IS),6175;306258,Richard Shannon/Paolo Palombo,11406;91910;91943;,PLGSASCS617500D; DWGSDSCS5190012; PWGSDSCS6175000; PLGSASCS6175001; PLGSASCS6175009; PWGSASCS6175002; PLGSASCS6159001; AWGSDSCLSHRDB02; PWGSDSCS4609110,12/13/2024,"Devlin, Chris",,Internal,Remediation,North America,,,,,3/13/2023,96,
"5,713,808","5,713,809",Server,Qualys,Application ID,Infrastructure Services (IS),6175;306259,Richard Shannon/Paolo Palombo,11406;91910;91943;,PLGSASCS617500D; DWGSDSCS5190012; PWGSDSCS6175000; PLGSASCS6175001; PLGSASCS6175009; PWGSASCS6175002; PLGSASCS6159001; AWGSDSCLSHRDB02; PWGSDSCS4609111,12/14/2024,"Devlin, Chris",,Internal,Remediation,North America,,,,,3/14/2023,97,
"5,713,808","5,713,809",Server,Qualys,Application ID,Infrastructure Services (IS),6175;306260,Richard Shannon/Paolo Palombo,11406;91910;91943;,PLGSASCS617500D; DWGSDSCS5190012; PWGSDSCS6175000; PLGSASCS6175001; PLGSASCS6175009; PWGSASCS6175002; PLGSASCS6159001; AWGSDSCLSHRDB02; PWGSDSCS4609112,12/15/2024,"Devlin, Chris",,Internal,Remediation,North America,,,,,3/15/2023,98,
"5,713,808","5,713,809",Server,Qualys,Application ID,Infrastructure Services (IS),6175;306261,Richard Shannon/Paolo Palombo,11406;91910;91943;,PLGSASCS617500D; DWGSDSCS5190012; PWGSDSCS6175000; PLGSASCS6175001; PLGSASCS6175009; PWGSASCS6175002; PLGSASCS6159001; AWGSDSCLSHRDB02; PWGSDSCS4609113,12/16/2024,"Devlin, Chris",,Internal,Remediation,North America,,,,,3/16/2023,99,
"5,713,808","5,713,809",Server,Qualys,Application ID,Infrastructure Services (IS),6175;306262,Richard Shannon/Paolo Palombo,11406;91910;91943;,PLGSASCS617500D; DWGSDSCS5190012; PWGSDSCS6175000; PLGSASCS6175001; PLGSASCS6175009; PWGSASCS6175002; PLGSASCS6159001; AWGSDSCLSHRDB02; PWGSDSCS4609114,12/17/2024,"Devlin, Chris",,Internal,Remediation,North America,,,,,3/17/2023,100,
"5,713,808","5,713,809",Server,Qualys,Application ID,Infrastructure Services (IS),6175;306263,Richard Shannon/Paolo Palombo,11406;91910;91943;,PLGSASCS617500D; DWGSDSCS5190012; PWGSDSCS6175000; PLGSASCS6175001; PLGSASCS6175009; PWGSASCS6175002; PLGSASCS6159001; AWGSDSCLSHRDB02; PWGSDSCS4609115,12/18/2024,"Devlin, Chris",,Internal,Remediation,North America,,,,,3/18/2023,101,
"5,713,808","5,713,809",Server,Qualys,Application ID,Infrastructure Services (IS),6175;306264,Richard Shannon/Paolo Palombo,11406;91910;91943;,PLGSASCS617500D; DWGSDSCS5190012; PWGSDSCS6175000; PLGSASCS6175001; PLGSASCS6175009; PWGSASCS6175002; PLGSASCS6159001; AWGSDSCLSHRDB02; PWGSDSCS4609116,12/19/2024,"Devlin, Chris",,Internal,Remediation,North America,,,,,3/19/2023,102,
"5,713,808","5,713,809",Server,Qualys,Application ID,Infrastructure Services (IS),6175;306265,Richard Shannon/Paolo Palombo,11406;91910;91943;,PLGSASCS617500D; DWGSDSCS5190012; PWGSDSCS6175000; PLGSASCS6175001; PLGSASCS6175009; PWGSASCS6175002; PLGSASCS6159001; AWGSDSCLSHRDB02; PWGSDSCS4609117,12/20/2024,"Devlin, Chris",,Internal,Remediation,North America,,,,,3/20/2023,103,
"5,713,808","5,713,809",Server,Qualys,Application ID,Infrastructure Services (IS),6175;306266,Richard Shannon/Paolo Palombo,11406;91910;91943;,PLGSASCS617500D; DWGSDSCS5190012; PWGSDSCS6175000; PLGSASCS6175001; PLGSASCS6175009; PWGSASCS6175002; PLGSASCS6159001; AWGSDSCLSHRDB02; PWGSDSCS4609118,12/21/2024,"Devlin, Chris",,Internal,Remediation,North America,,,,,3/21/2023,104,
"5,713,808","5,713,809",Server,Qualys,Application ID,Infrastructure Services (IS),6175;306267,Richard Shannon/Paolo Palombo,11406;91910;91943;,PLGSASCS617500D; DWGSDSCS5190012; PWGSDSCS6175000; PLGSASCS6175001; PLGSASCS6175009; PWGSASCS6175002; PLGSASCS6159001; AWGSDSCLSHRDB02; PWGSDSCS4609119,12/22/2024,"Devlin, Chris",,Internal,Remediation,North America,,,,,3/22/2023,105,
"5,713,808","5,713,809",Server,Qualys,Application ID,Infrastructure Services (IS),6175;306268,Richard Shannon/Paolo Palombo,11406;91910;91943;,PLGSASCS617500D; DWGSDSCS5190012; PWGSDSCS6175000; PLGSASCS6175001; PLGSASCS6175009; PWGSASCS6175002; PLGSASCS6159001; AWGSDSCLSHRDB02; PWGSDSCS4609120,12/23/2024,"Devlin, Chris",,Internal,Remediation,North America,,,,,3/23/2023,106,
"5,713,808","5,713,809",Server,Qualys,Application ID,Infrastructure Services (IS),6175;306269,Richard Shannon/Paolo Palombo,11406;91910;91943;,PLGSASCS617500D; DWGSDSCS5190012; PWGSDSCS6175000; PLGSASCS6175001; PLGSASCS6175009; PWGSASCS6175002; PLGSASCS6159001; AWGSDSCLSHRDB02; PWGSDSCS4609121,12/24/2024,"Devlin, Chris",,Internal,Remediation,North America,,,,,3/24/2023,107,
"5,713,808","5,713,809",Server,Qualys,Application ID,Infrastructure Services (IS),6175;306270,Richard Shannon/Paolo Palombo,11406;91910;91943;,PLGSASCS617500D; DWGSDSCS5190012; PWGSDSCS6175000; PLGSASCS6175001; PLGSASCS6175009; PWGSASCS6175002; PLGSASCS6159001; AWGSDSCLSHRDB02; PWGSDSCS4609122,12/25/2024,"Devlin, Chris",,Internal,Remediation,North America,,,,,3/25/2023,108,
"5,713,808","5,713,809",Server,Qualys,Application ID,Infrastructure Services (IS),6175;306271,Richard Shannon/Paolo Palombo,11406;91910;91943;,PLGSASCS617500D; DWGSDSCS5190012; PWGSDSCS6175000; PLGSASCS6175001; PLGSASCS6175009; PWGSASCS6175002; PLGSASCS6159001; AWGSDSCLSHRDB02; PWGSDSCS4609123,12/26/2024,"Devlin, Chris",,Internal,Remediation,North America,,,,,3/26/2023,109,
"5,713,808","5,713,809",Server,Qualys,Application ID,Infrastructure Services (IS),6175;306272,Richard Shannon/Paolo Palombo,11406;91910;91943;,PLGSASCS617500D; DWGSDSCS5190012; PWGSDSCS6175000; PLGSASCS6175001; PLGSASCS6175009; PWGSASCS6175002; PLGSASCS6159001; AWGSDSCLSHRDB02; PWGSDSCS4609124,12/27/2024,"Devlin, Chris",,Internal,Remediation,North America,,,,,3/27/2023,110,
"5,713,808","5,713,809",Server,Qualys,Application ID,Infrastructure Services (IS),6175;306273,Richard Shannon/Paolo Palombo,11406;91910;91943;,PLGSASCS617500D; DWGSDSCS5190012; PWGSDSCS6175000; PLGSASCS6175001; PLGSASCS6175009; PWGSASCS6175002; PLGSASCS6159001; AWGSDSCLSHRDB02; PWGSDSCS4609125,12/28/2024,"Devlin, Chris",,Internal,Remediation,North America,,,,,3/28/2023,111,
"5,713,808","5,713,809",Server,Qualys,Application ID,Infrastructure Services (IS),6175;306274,Richard Shannon/Paolo Palombo,11406;91910;91943;,PLGSASCS617500D; DWGSDSCS5190012; PWGSDSCS6175000; PLGSASCS6175001; PLGSASCS6175009; PWGSASCS6175002; PLGSASCS6159001; AWGSDSCLSHRDB02; PWGSDSCS4609126,12/29/2024,"Devlin, Chris",,Internal,Remediation,North America,,,,,3/29/2023,112,
"5,713,808","5,713,809",Server,Qualys,Application ID,Infrastructure Services (IS),6175;306275,Richard Shannon/Paolo Palombo,11406;91910;91943;,PLGSASCS617500D; DWGSDSCS5190012; PWGSDSCS6175000; PLGSASCS6175001; PLGSASCS6175009; PWGSASCS6175002; PLGSASCS6159001; AWGSDSCLSHRDB02; PWGSDSCS4609086,12/30/2024,"Devlin, Chris",,Internal,Remediation,North America,,,,,3/30/2023,113,
"5,713,808","5,713,809",Server,Qualys,Application ID,Infrastructure Services (IS),6175;306276,Richard Shannon/Paolo Palombo,11406;91910;91943;,PLGSASCS617500D; DWGSDSCS5190012; PWGSDSCS6175000; PLGSASCS6175001; PLGSASCS6175009; PWGSASCS6175002; PLGSASCS6159001; AWGSDSCLSHRDB02; PWGSDSCS4609087,12/31/2024,"Devlin, Chris",,Internal,Remediation,North America,,,,,3/31/2023,114,
"5,713,808","5,713,809",Server,Qualys,Application ID,Infrastructure Services (IS),6175;306277,Richard Shannon/Paolo Palombo,11406;91910;91943;,PLGSASCS617500D; DWGSDSCS5190012; PWGSDSCS6175000; PLGSASCS6175001; PLGSASCS6175009; PWGSASCS6175002; PLGSASCS6159001; AWGSDSCLSHRDB02; PWGSDSCS4609088,01/01/2025,"Devlin, Chris",,Internal,Remediation,North America,,,,,4/1/2023,115,
"5,713,808","5,713,809",Server,Qualys,Application ID,Infrastructure Services (IS),6175;306278,Richard Shannon/Paolo Palombo,11406;91910;91943;,PLGSASCS617500D; DWGSDSCS5190012; PWGSDSCS6175000; PLGSASCS6175001; PLGSASCS6175009; PWGSASCS6175002; PLGSASCS6159001; AWGSDSCLSHRDB02; PWGSDSCS4609089,01/02/2025,"Devlin, Chris",,Internal,Remediation,North America,,,,,4/2/2023,116,
"5,713,808","5,713,809",Server,Qualys,Application ID,Infrastructure Services (IS),6175;306279,Richard Shannon/Paolo Palombo,11406;91910;91943;,PLGSASCS617500D; DWGSDSCS5190012; PWGSDSCS6175000; PLGSASCS6175001; PLGSASCS6175009; PWGSASCS6175002; PLGSASCS6159001; AWGSDSCLSHRDB02; PWGSDSCS4609090,01/03/2025,"Devlin, Chris",,Internal,Remediation,North America,,,,,4/3/2023,117,
"5,713,808","5,713,809",Server,Qualys,Application ID,Infrastructure Services (IS),6175;306280,Richard Shannon/Paolo Palombo,11406;91910;91943;,PLGSASCS617500D; DWGSDSCS5190012; PWGSDSCS6175000; PLGSASCS6175001; PLGSASCS6175009; PWGSASCS6175002; PLGSASCS6159001; AWGSDSCLSHRDB02; PWGSDSCS4609091,01/04/2025,"Devlin, Chris",,Internal,Remediation,North America,,,,,4/4/2023,118,
"5,713,808","5,713,809",Server,Qualys,Application ID,Infrastructure Services (IS),6175;306281,Richard Shannon/Paolo Palombo,11406;91910;91943;,PLGSASCS617500D; DWGSDSCS5190012; PWGSDSCS6175000; PLGSASCS6175001; PLGSASCS6175009; PWGSASCS6175002; PLGSASCS6159001; AWGSDSCLSHRDB02; PWGSDSCS4609092,01/05/2025,"Devlin, Chris",,Internal,Remediation,North America,,,,,4/5/2023,119,
"5,713,808","5,713,809",Server,Qualys,Application ID,Infrastructure Services (IS),6175;306282,Richard Shannon/Paolo Palombo,11406;91910;91943;,PLGSASCS617500D; DWGSDSCS5190012; PWGSDSCS6175000; PLGSASCS6175001; PLGSASCS6175009; PWGSASCS6175002; PLGSASCS6159001; AWGSDSCLSHRDB02; PWGSDSCS4609093,01/06/2025,"Devlin, Chris",,Internal,Remediation,North America,,,,,4/6/2023,120,
"5,713,808","5,713,809",Server,Qualys,Application ID,Infrastructure Services (IS),6175;306283,Richard Shannon/Paolo Palombo,11406;91910;91943;,PLGSASCS617500D; DWGSDSCS5190012; PWGSDSCS6175000; PLGSASCS6175001; PLGSASCS6175009; PWGSASCS6175002; PLGSASCS6159001; AWGSDSCLSHRDB02; PWGSDSCS4609094,01/07/2025,"Devlin, Chris",,Internal,Remediation,North America,,,,,4/7/2023,121,
"5,713,808","5,713,809",Server,Qualys,Application ID,Infrastructure Services (IS),6175;306284,Richard Shannon/Paolo Palombo,11406;91910;91943;,PLGSASCS617500D; DWGSDSCS5190012; PWGSDSCS6175000; PLGSASCS6175001; PLGSASCS6175009; PWGSASCS6175002; PLGSASCS6159001; AWGSDSCLSHRDB02; PWGSDSCS4609095,01/08/2025,"Devlin, Chris",,Internal,Remediation,North America,,,,,4/8/2023,122,
"5,713,808","5,713,809",Server,Qualys,Application ID,Infrastructure Services (IS),6175;306285,Richard Shannon/Paolo Palombo,11406;91910;91943;,PLGSASCS617500D; DWGSDSCS5190012; PWGSDSCS6175000; PLGSASCS6175001; PLGSASCS6175009; PWGSASCS6175002; PLGSASCS6159001; AWGSDSCLSHRDB02; PWGSDSCS4609096,01/09/2025,"Devlin, Chris",,Internal,Remediation,North America,,,,,4/9/2023,123,
"5,713,808","5,713,809",Server,Qualys,Application ID,Infrastructure Services (IS),6175;306286,Richard Shannon/Paolo Palombo,11406;91910;91943;,PLGSASCS617500D; DWGSDSCS5190012; PWGSDSCS6175000; PLGSASCS6175001; PLGSASCS6175009; PWGSASCS6175002; PLGSASCS6159001; AWGSDSCLSHRDB02; PWGSDSCS4609097,01/10/2025,"Devlin, Chris",,Internal,Remediation,North America,,,,,4/10/2023,124,
"5,713,808","5,713,809",Server,Qualys,Application ID,Infrastructure Services (IS),6175;306287,Richard Shannon/Paolo Palombo,11406;91910;91943;,PLGSASCS617500D; DWGSDSCS5190012; PWGSDSCS6175000; PLGSASCS6175001; PLGSASCS6175009; PWGSASCS6175002; PLGSASCS6159001; AWGSDSCLSHRDB02; PWGSDSCS4609098,01/11/2025,"Devlin, Chris",,Internal,Remediation,North America,,,,,4/11/2023,125,
"5,713,808","5,713,809",Server,Qualys,Application ID,Infrastructure Services (IS),6175;306288,Richard Shannon/Paolo Palombo,11406;91910;91943;,PLGSASCS617500D; DWGSDSCS5190012; PWGSDSCS6175000; PLGSASCS6175001; PLGSASCS6175009; PWGSASCS6175002; PLGSASCS6159001; AWGSDSCLSHRDB02; PWGSDSCS4609099,01/12/2025,"Devlin, Chris",,Internal,Remediation,North America,,,,,4/12/2023,126,
"5,713,808","5,713,809",Server,Qualys,Application ID,Infrastructure Services (IS),6175;306289,Richard Shannon/Paolo Palombo,11406;91910;91943;,PLGSASCS617500D; DWGSDSCS5190012; PWGSDSCS6175000; PLGSASCS6175001; PLGSASCS6175009; PWGSASCS6175002; PLGSASCS6159001; AWGSDSCLSHRDB02; PWGSDSCS4609100,01/13/2025,"Devlin, Chris",,Internal,Remediation,North America,,,,,4/13/2023,127,
"5,713,808","5,713,809",Server,Qualys,Application ID,Infrastructure Services (IS),6175;306290,Richard Shannon/Paolo Palombo,11406;91910;91943;,PLGSASCS617500D; DWGSDSCS5190012; PWGSDSCS6175000; PLGSASCS6175001; PLGSASCS6175009; PWGSASCS6175002; PLGSASCS6159001; AWGSDSCLSHRDB02; PWGSDSCS4609101,01/14/2025,"Devlin, Chris",,Internal,Remediation,North America,,,,,4/14/2023,128,
"5,713,808","5,713,809",Server,Qualys,Application ID,Infrastructure Services (IS),6175;306291,Richard Shannon/Paolo Palombo,11406;91910;91943;,PLGSASCS617500D; DWGSDSCS5190012; PWGSDSCS6175000; PLGSASCS6175001; PLGSASCS6175009; PWGSASCS6175002; PLGSASCS6159001; AWGSDSCLSHRDB02; PWGSDSCS4609102,01/15/2025,"Devlin, Chris",,Internal,Remediation,North America,,,,,4/15/2023,129,
"5,713,808","5,713,809",Server,Qualys,Application ID,Infrastructure Services (IS),6175;306292,Richard Shannon/Paolo Palombo,11406;91910;91943;,PLGSASCS617500D; DWGSDSCS5190012; PWGSDSCS6175000; PLGSASCS6175001; PLGSASCS6175009; PWGSASCS6175002; PLGSASCS6159001; AWGSDSCLSHRDB02; PWGSDSCS4609103,01/16/2025,"Devlin, Chris",,Internal,Remediation,North America,,,,,4/16/2023,130,
"5,713,808","5,713,809",Server,Qualys,Application ID,Infrastructure Services (IS),6175;306293,Richard Shannon/Paolo Palombo,11406;91910;91943;,PLGSASCS617500D; DWGSDSCS5190012; PWGSDSCS6175000; PLGSASCS6175001; PLGSASCS6175009; PWGSASCS6175002; PLGSASCS6159001; AWGSDSCLSHRDB02; PWGSDSCS4609104,01/17/2025,"Devlin, Chris",,Internal,Remediation,North America,,,,,4/17/2023,131,
"5,713,808","5,713,809",Server,Qualys,Application ID,Infrastructure Services (IS),6175;306294,Richard Shannon/Paolo Palombo,11406;91910;91943;,PLGSASCS617500D; DWGSDSCS5190012; PWGSDSCS6175000; PLGSASCS6175001; PLGSASCS6175009; PWGSASCS6175002; PLGSASCS6159001; AWGSDSCLSHRDB02; PWGSDSCS4609105,01/18/2025,"Devlin, Chris",,Internal,Remediation,North America,,,,,4/18/2023,132,
"5,713,808","5,713,809",Server,Qualys,Application ID,Infrastructure Services (IS),6175;306295,Richard Shannon/Paolo Palombo,11406;91910;91943;,PLGSASCS617500D; DWGSDSCS5190012; PWGSDSCS6175000; PLGSASCS6175001; PLGSASCS6175009; PWGSASCS6175002; PLGSASCS6159001; AWGSDSCLSHRDB02; PWGSDSCS4609106,01/19/2025,"Devlin, Chris",,Internal,Remediation,North America,,,,,4/19/2023,133,
"5,713,808","5,713,809",Server,Qualys,Application ID,Infrastructure Services (IS),6175;306296,Richard Shannon/Paolo Palombo,11406;91910;91943;,PLGSASCS617500D; DWGSDSCS5190012; PWGSDSCS6175000; PLGSASCS6175001; PLGSASCS6175009; PWGSASCS6175002; PLGSASCS6159001; AWGSDSCLSHRDB02; PWGSDSCS4609107,01/20/2025,"Devlin, Chris",,Internal,Remediation,North America,,,,,4/20/2023,134,
"5,713,808","5,713,809",Server,Qualys,Application ID,Infrastructure Services (IS),6175;306297,Richard Shannon/Paolo Palombo,11406;91910;91943;,PLGSASCS617500D; DWGSDSCS5190012; PWGSDSCS6175000; PLGSASCS6175001; PLGSASCS6175009; PWGSASCS6175002; PLGSASCS6159001; AWGSDSCLSHRDB02; PWGSDSCS4609108,01/21/2025,"Devlin, Chris",,Internal,Remediation,North America,,,,,4/21/2023,135,
"5,713,808","5,713,809",Server,Qualys,Application ID,Infrastructure Services (IS),6175;306298,Richard Shannon/Paolo Palombo,11406;91910;91943;,PLGSASCS617500D; DWGSDSCS5190012; PWGSDSCS6175000; PLGSASCS6175001; PLGSASCS6175009; PWGSASCS6175002; PLGSASCS6159001; AWGSDSCLSHRDB02; PWGSDSCS4609109,01/22/2025,"Devlin, Chris",,Internal,Remediation,North America,,,,,4/22/2023,136,
"5,713,808","5,713,809",Server,Qualys,Application ID,Infrastructure Services (IS),6175;306299,Richard Shannon/Paolo Palombo,11406;91910;91943;,PLGSASCS617500D; DWGSDSCS5190012; PWGSDSCS6175000; PLGSASCS6175001; PLGSASCS6175009; PWGSASCS6175002; PLGSASCS6159001; AWGSDSCLSHRDB02; PWGSDSCS4609110,01/23/2025,"Devlin, Chris",,Internal,Remediation,North America,,,,,4/23/2023,137,
"5,713,808","5,713,809",Server,Qualys,Application ID,Infrastructure Services (IS),6175;306300,Richard Shannon/Paolo Palombo,11406;91910;91943;,PLGSASCS617500D; DWGSDSCS5190012; PWGSDSCS6175000; PLGSASCS6175001; PLGSASCS6175009; PWGSASCS6175002; PLGSASCS6159001; AWGSDSCLSHRDB02; PWGSDSCS4609111,01/24/2025,"Devlin, Chris",,Internal,Remediation,North America,,,,,4/24/2023,138,
"5,713,808","5,713,809",Server,Qualys,Application ID,Infrastructure Services (IS),6175;306301,Richard Shannon/Paolo Palombo,11406;91910;91943;,PLGSASCS617500D; DWGSDSCS5190012; PWGSDSCS6175000; PLGSASCS6175001; PLGSASCS6175009; PWGSASCS6175002; PLGSASCS6159001; AWGSDSCLSHRDB02; PWGSDSCS4609112,01/25/2025,"Devlin, Chris",,Internal,Remediation,North America,,,,,4/25/2023,139,
"5,713,808","5,713,809",Server,Qualys,Application ID,Infrastructure Services (IS),6175;306261,Richard Shannon/Paolo Palombo,11406;91910;91943;,PLGSASCS617500D; DWGSDSCS5190012; PWGSDSCS6175000; PLGSASCS6175001; PLGSASCS6175009; PWGSASCS6175002; PLGSASCS6159001; AWGSDSCLSHRDB02; PWGSDSCS4609113,01/26/2025,"Devlin, Chris",,Internal,Remediation,North America,,,,,3/16/2023,99,
"5,713,808","5,713,809",Server,Qualys,Application ID,Infrastructure Services (IS),6175;306262,Richard Shannon/Paolo Palombo,11406;91910;91943;,PLGSASCS617500D; DWGSDSCS5190012; PWGSDSCS6175000; PLGSASCS6175001; PLGSASCS6175009; PWGSASCS6175002; PLGSASCS6159001; AWGSDSCLSHRDB02; PWGSDSCS4609114,01/27/2025,"Devlin, Chris",,Internal,Remediation,North America,,,,,3/17/2023,100,
"5,713,808","5,713,809",Server,Qualys,Application ID,Infrastructure Services (IS),6175;306263,Richard Shannon/Paolo Palombo,11406;91910;91943;,PLGSASCS617500D; DWGSDSCS5190012; PWGSDSCS6175000; PLGSASCS6175001; PLGSASCS6175009; PWGSASCS6175002; PLGSASCS6159001; AWGSDSCLSHRDB02; PWGSDSCS4609115,01/28/2025,"Devlin, Chris",,Internal,Remediation,North America,,,,,3/18/2023,101,
"5,713,808","5,713,809",Server,Qualys,Application ID,Infrastructure Services (IS),6175;306264,Richard Shannon/Paolo Palombo,11406;91910;91943;,PLGSASCS617500D; DWGSDSCS5190012; PWGSDSCS6175000; PLGSASCS6175001; PLGSASCS6175009; PWGSASCS6175002; PLGSASCS6159001; AWGSDSCLSHRDB02; PWGSDSCS4609116,01/29/2025,"Devlin, Chris",,Internal,Remediation,North America,,,,,3/19/2023,102,
"5,713,808","5,713,809",Server,Qualys,Application ID,Infrastructure Services (IS),6175;306265,Richard Shannon/Paolo Palombo,11406;91910;91943;,PLGSASCS617500D; DWGSDSCS5190012; PWGSDSCS6175000; PLGSASCS6175001; PLGSASCS6175009; PWGSASCS6175002; PLGSASCS6159001; AWGSDSCLSHRDB02; PWGSDSCS4609117,01/30/2025,"Devlin, Chris",,Internal,Remediation,North America,,,,,3/20/2023,103,
"5,713,808","5,713,809",Server,Qualys,Application ID,Infrastructure Services (IS),6175;306266,Richard Shannon/Paolo Palombo,11406;91910;91943;,PLGSASCS617500D; DWGSDSCS5190012; PWGSDSCS6175000; PLGSASCS6175001; PLGSASCS6175009; PWGSASCS6175002; PLGSASCS6159001; AWGSDSCLSHRDB02; PWGSDSCS4609118,01/31/2025,"Devlin, Chris",,Internal,Remediation,North America,,,,,3/21/2023,104,
"5,713,808","5,713,809",Server,Qualys,Application ID,Infrastructure Services (IS),6175;306267,Richard Shannon/Paolo Palombo,11406;91910;91943;,PLGSASCS617500D; DWGSDSCS5190012; PWGSDSCS6175000; PLGSASCS6175001; PLGSASCS6175009; PWGSASCS6175002; PLGSASCS6159001; AWGSDSCLSHRDB02; PWGSDSCS4609119,02/01/2025,"Devlin, Chris",,Internal,Remediation,North America,,,,,3/22/2023,105,
"5,713,808","5,713,809",Server,Qualys,Application ID,Infrastructure Services (IS),6175;306268,Richard Shannon/Paolo Palombo,11406;91910;91943;,PLGSASCS617500D; DWGSDSCS5190012; PWGSDSCS6175000; PLGSASCS6175001; PLGSASCS6175009; PWGSASCS6175002; PLGSASCS6159001; AWGSDSCLSHRDB02; PWGSDSCS4609120,02/02/2025,"Devlin, Chris",,Internal,Remediation,North America,,,,,3/23/2023,106,
"5,713,808","5,713,809",Server,Qualys,Application ID,Infrastructure Services (IS),6175;306269,Richard Shannon/Paolo Palombo,11406;91910;91943;,PLGSASCS617500D; DWGSDSCS5190012; PWGSDSCS6175000; PLGSASCS6175001; PLGSASCS6175009; PWGSASCS6175002; PLGSASCS6159001; AWGSDSCLSHRDB02; PWGSDSCS4609121,02/03/2025,"Devlin, Chris",,Internal,Remediation,North America,,,,,3/24/2023,107,
"5,713,808","5,713,809",Server,Qualys,Application ID,Infrastructure Services (IS),6175;306270,Richard Shannon/Paolo Palombo,11406;91910;91943;,PLGSASCS617500D; DWGSDSCS5190012; PWGSDSCS6175000; PLGSASCS6175001; PLGSASCS6175009; PWGSASCS6175002; PLGSASCS6159001; AWGSDSCLSHRDB02; PWGSDSCS4609122,02/04/2025,"Devlin, Chris",,Internal,Remediation,North America,,,,,3/25/2023,108,
"5,713,808","5,713,809",Server,Qualys,Application ID,Infrastructure Services (IS),6175;306271,Richard Shannon/Paolo Palombo,11406;91910;91943;,PLGSASCS617500D; DWGSDSCS5190012; PWGSDSCS6175000; PLGSASCS6175001; PLGSASCS6175009; PWGSASCS6175002; PLGSASCS6159001; AWGSDSCLSHRDB02; PWGSDSCS4609123,02/05/2025,"Devlin, Chris",,Internal,Remediation,North America,,,,,3/26/2023,109,
"5,713,808","5,713,809",Server,Qualys,Application ID,Infrastructure Services (IS),6175;306272,Richard Shannon/Paolo Palombo,11406;91910;91943;,PLGSASCS617500D; DWGSDSCS5190012; PWGSDSCS6175000; PLGSASCS6175001; PLGSASCS6175009; PWGSASCS6175002; PLGSASCS6159001; AWGSDSCLSHRDB02; PWGSDSCS4609124,02/06/2025,"Devlin, Chris",,Internal,Remediation,North America,,,,,3/27/2023,110,
"5,713,808","5,713,809",Server,Qualys,Application ID,Infrastructure Services (IS),6175;306273,Richard Shannon/Paolo Palombo,11406;91910;91943;,PLGSASCS617500D; DWGSDSCS5190012; PWGSDSCS6175000; PLGSASCS6175001; PLGSASCS6175009; PWGSASCS6175002; PLGSASCS6159001; AWGSDSCLSHRDB02; PWGSDSCS4609125,02/07/2025,"Devlin, Chris",,Internal,Remediation,North America,,,,,3/28/2023,111,
"5,713,808","5,713,809",Server,Qualys,Application ID,Infrastructure Services (IS),6175;306274,Richard Shannon/Paolo Palombo,11406;91910;91943;,PLGSASCS617500D; DWGSDSCS5190012; PWGSDSCS6175000; PLGSASCS6175001; PLGSASCS6175009; PWGSASCS6175002; PLGSASCS6159001; AWGSDSCLSHRDB02; PWGSDSCS4609126,02/08/2025,"Devlin, Chris",,Internal,Remediation,North America,,,,,3/29/2023,112,
"5,713,808","5,713,809",Server,Qualys,Application ID,Infrastructure Services (IS),6175;306275,Richard Shannon/Paolo Palombo,11406;91910;91943;,PLGSASCS617500B; PLGSASCS617500C; PLGSASCS617500D; PLGSASCS5220008; DWGSDSCS5190012; PWGSDSCS6175000; PLGSASCS6175001; PLGSASCS6175009; PWGSASCS6175002; PLGSASCS6159001; AWGSDSCLSHRDB02; PWGSDSCS4609100,01/13/2025,"Devlin, Chris",,Internal,Remediation,North America,,,,,3/30/2023,113,
"5,713,808","5,713,809",Server,Qualys,Application ID,Infrastructure Services (IS),6175;306276,Richard Shannon/Paolo Palombo,11406;91910;91943;,PLGSASCS617500B; PLGSASCS617500C; PLGSASCS617500D; PLGSASCS5220008; DWGSDSCS5190012; PWGSDSCS6175000; PLGSASCS6175001; PLGSASCS6175009; PWGSASCS6175002; PLGSASCS6159001; AWGSDSCLSHRDB02; PWGSDSCS4609101,01/14/2025,"Devlin, Chris",,Internal,Remediation,North America,,,,,3/31/2023,114,
"5,713,808","5,713,809",Server,Qualys,Application ID,Infrastructure Services (IS),6175;306277,Richard Shannon/Paolo Palombo,11406;91910;91943;,PLGSASCS617500B; PLGSASCS617500C; PLGSASCS617500D; PLGSASCS5220008; DWGSDSCS5190012; PWGSDSCS6175000; PLGSASCS6175001; PLGSASCS6175009; PWGSASCS6175002; PLGSASCS6159001; AWGSDSCLSHRDB02; PWGSDSCS4609102,01/15/2025,"Devlin, Chris",,Internal,Remediation,North America,,,,,4/1/2023,115,
"5,713,808","5,713,809",Server,Qualys,Application ID,Infrastructure Services (IS),6175;306278,Richard Shannon/Paolo Palombo,11406;91910;91943;,PLGSASCS617500B; PLGSASCS617500C; PLGSASCS617500D; PLGSASCS5220008; DWGSDSCS5190012; PWGSDSCS6175000; PLGSASCS6175001; PLGSASCS6175009; PWGSASCS6175002; PLGSASCS6159001; AWGSDSCLSHRDB02; PWGSDSCS4609103,01/16/2025,"Devlin, Chris",,Internal,Remediation,North America,,,,,4/2/2023,116,
"5,713,808","5,713,809",Server,Qualys,Application ID,Infrastructure Services (IS),6175;306279,Richard Shannon/Paolo Palombo,11406;91910;91943;,PLGSASCS617500B; PLGSASCS617500C; PLGSASCS617500D; PLGSASCS5220008; DWGSDSCS5190012; PWGSDSCS6175000; PLGSASCS6175001; PLGSASCS6175009; PWGSASCS6175002; PLGSASCS6159001; AWGSDSCLSHRDB02; PWGSDSCS4609104,01/17/2025,"Devlin, Chris",,Internal,Remediation,North America,,,,,4/3/2023,117,
"5,713,808","5,713,809",Server,Qualys,Application ID,Infrastructure Services (IS),6175;306280,Richard Shannon/Paolo Palombo,11406;91910;91943;,PLGSASCS617500B; PLGSASCS617500C; PLGSASCS617500D; PLGSASCS5220008; DWGSDSCS5190012; PWGSDSCS6175000; PLGSASCS6175001; PLGSASCS6175009; PWGSASCS6175002; PLGSASCS6159001; AWGSDSCLSHRDB02; PWGSDSCS4609105,01/18/2025,"Devlin, Chris",,Internal,Remediation,North America,,,,,4/4/2023,118,
"5,713,808","5,713,809",Server,Qualys,Application ID,Infrastructure Services (IS),6175;306281,Richard Shannon/Paolo Palombo,11406;91910;91943;,PLGSASCS617500B; PLGSASCS617500C; PLGSASCS617500D; PLGSASCS5220008; DWGSDSCS5190012; PWGSDSCS6175000; PLGSASCS6175001; PLGSASCS6175009; PWGSASCS6175002; PLGSASCS6159001; AWGSDSCLSHRDB02; PWGSDSCS4609106,01/19/2025,"Devlin, Chris",,Internal,Remediation,North America,,,,,4/5/2023,119,
"5,713,808","5,713,809",Server,Qualys,Application ID,Infrastructure Services (IS),6175;306282,Richard Shannon/Paolo Palombo,11406;91910;91943;,PLGSASCS617500B; PLGSASCS617500C; PLGSASCS617500D; PLGSASCS5220008; DWGSDSCS5190012; PWGSDSCS6175000; PLGSASCS6175001; PLGSASCS6175009; PWGSASCS6175002; PLGSASCS6159001; AWGSDSCLSHRDB02; PWGSDSCS4609107,01/20/2025,"Devlin, Chris",,Internal,Remediation,North America,,,,,4/6/2023,120,
"5,713,808","5,713,809",Server,Qualys,Application ID,Infrastructure Services (IS),6175;306283,Richard Shannon/Paolo Palombo,11406;91910;91943;,PLGSASCS617500B; PLGSASCS617500C; PLGSASCS617500D; PLGSASCS5220008; DWGSDSCS5190012; PWGSDSCS6175000; PLGSASCS6175001; PLGSASCS6175009; PWGSASCS6175002; PLGSASCS6159001; AWGSDSCLSHRDB02; PWGSDSCS4609108,01/21/2025,"Devlin, Chris",,Internal,Remediation,North America,,,,,4/7/2023,121,
"5,713,808","5,713,809",Server,Qualys,Application ID,Infrastructure Services (IS),6175;306284,Richard Shannon/Paolo Palombo,11406;91910;91943;,PLGSASCS617500B; PLGSASCS617500C; PLGSASCS617500D; PLGSASCS5220008; DWGSDSCS5190012; PWGSDSCS6175000; PLGSASCS6175001; PLGSASCS6175009; PWGSASCS6175002; PLGSASCS6159001; AWGSDSCLSHRDB02; PWGSDSCS4609109,01/22/2025,"Devlin, Chris",,Internal,Remediation,North America,,,,,4/8/2023,122,
"5,713,808","5,713,809",Server,Qualys,Application ID,Infrastructure Services (IS),6175;306285,Richard Shannon/Paolo Palombo,11406;91910;91943;,PLGSASCS617500B; PLGSASCS617500C; PLGSASCS617500D; PLGSASCS5220008; DWGSDSCS5190012; PWGSDSCS6175000; PLGSASCS6175001; PLGSASCS6175009; PWGSASCS6175002; PLGSASCS6159001; AWGSDSCLSHRDB02; PWGSDSCS4609110,01/23/2025,"Devlin, Chris",,Internal,Remediation,North America,,,,,4/9/2023,123,
"5,713,808","5,713,809",Server,Qualys,Application ID,Infrastructure Services (IS),6175;306286,Richard Shannon/Paolo Palombo,11406;91910;91943;,PLGSASCS617500B; PLGSASCS617500C; PLGSASCS617500D; PLGSASCS5220008; DWGSDSCS5190012; PWGSDSCS6175000; PLGSASCS6175001; PLGSASCS6175009; PWGSASCS6175002; PLGSASCS6159001; AWGSDSCLSHRDB02; PWGSDSCS4609111,01/24/2025,"Devlin, Chris",,Internal,Remediation,North America,,,,,4/10/2023,124,
"5,713,808","5,713,809",Server,Qualys,Application ID,Infrastructure Services (IS),6175;306287,Richard Shannon/Paolo Palombo,11406;91910;91943;,PLGSASCS617500B; PLGSASCS617500C; PLGSASCS617500D; PLGSASCS5220008; DWGSDSCS5190012; PWGSDSCS6175000; PLGSASCS6175001; PLGSASCS6175009; PWGSASCS6175002; PLGSASCS6159001; AWGSDSCLSHRDB02; PWGSDSCS4609112,01/25/2025,"Devlin, Chris",,Internal,Remediation,North America,,,,,4/11/2023,125,
"5,713,808","5,713,809",Server,Qualys,Application ID,Infrastructure Services (IS),6175;306288,Richard Shannon/Paolo Palombo,11406;91910;91943;,PLGSASCS617500B; PLGSASCS617500C; PLGSASCS617500D; PLGSASCS5220008; DWGSDSCS5190012; PWGSDSCS6175000; PLGSASCS6175001; PLGSASCS6175009; PWGSASCS6175002; PLGSASCS6159001; AWGSDSCLSHRDB02; PWGSDSCS4609113,01/26/2025,"Devlin, Chris",,Internal,Remediation,North America,,,,,4/12/2023,126,
"5,713,808","5,713,809",Server,Qualys,Application ID,Infrastructure Services (IS),6175;306289,Richard Shannon/Paolo Palombo,11406;91910;91943;,PLGSASCS617500B; PLGSASCS617500C; PLGSASCS617500D; PLGSASCS5220008; DWGSDSCS5190012; PWGSDSCS6175000; PLGSASCS6175001; PLGSASCS6175009; PWGSASCS6175002; PLGSASCS6159001; AWGSDSCLSHRDB02; PWGSDSCS4609114,01/27/2025,"Devlin, Chris",,Internal,Remediation,North America,,,,,4/13/2023,127,
"5,713,808","5,713,809",Server,Qualys,Application ID,Infrastructure Services (IS),6175;306290,Richard Shannon/Paolo Palombo,11406;91910;91943;,PLGSASCS617500B; PLGSASCS617500C; PLGSASCS617500D; PLGSASCS5220008; DWGSDSCS5190012; PWGSDSCS6175000; PLGSASCS6175001; PLGSASCS6175009; PWGSASCS6175002; PLGSASCS6159001; AWGSDSCLSHRDB02; PWGSDSCS4609115,01/28/2025,"Devlin, Chris",,Internal,Remediation,North America,,,,,4/14/2023,128,
"5,713,808","5,713,809",Server,Qualys,Application ID,Infrastructure Services (IS),6175;306291,Richard Shannon/Paolo Palombo,11406;91910;91943;,PLGSASCS617500B; PLGSASCS617500C; PLGSASCS617500D; PLGSASCS5220008; DWGSDSCS5190012; PWGSDSCS6175000; PLGSASCS6175001; PLGSASCS6175009; PWGSASCS6175002; PLGSASCS6159001; AWGSDSCLSHRDB02; PWGSDSCS4609116,01/29/2025,"Devlin, Chris",,Internal,Remediation,North America,,,,,4/15/2023,129,
"5,713,808","5,713,809",Server,Qualys,Application ID,Infrastructure Services (IS),6175;306292,Richard Shannon/Paolo Palombo,11406;91910;91943;,PLGSASCS617500B; PLGSASCS617500C; PLGSASCS617500D; PLGSASCS5220008; DWGSDSCS5190012; PWGSDSCS6175000; PLGSASCS6175001; PLGSASCS6175009; PWGSASCS6175002; PLGSASCS6159001; AWGSDSCLSHRDB02; PWGSDSCS4609117,01/30/2025,"Devlin, Chris",,Internal,Remediation,North America,,,,,4/16/2023,130,
"5,713,808","5,713,809",Server,Qualys,Application ID,Infrastructure Services (IS),6175;306293,Richard Shannon/Paolo Palombo,11406;91910;91943;,PLGSASCS617500B; PLGSASCS617500C; PLGSASCS617500D; PLGSASCS5220008; DWGSDSCS5190012; PWGSDSCS6175000; PLGSASCS6175001; PLGSASCS6175009; PWGSASCS6175002; PLGSASCS6159001; AWGSDSCLSHRDB02; PWGSDSCS4609118,01/31/2025,"Devlin, Chris",,Internal,Remediation,North America,,,,,4/17/2023,131,
"5,713,808","5,713,809",Server,Qualys,Application ID,Infrastructure Services (IS),6175;306294,Richard Shannon/Paolo Palombo,11406;91910;91943;,PLGSASCS617500B; PLGSASCS617500C; PLGSASCS617500D; PLGSASCS5220008; DWGSDSCS5190012; PWGSDSCS6175000; PLGSASCS6175001; PLGSASCS6175009; PWGSASCS6175002; PLGSASCS6159001; AWGSDSCLSHRDB02; PWGSDSCS4609119,02/01/2025,"Devlin, Chris",,Internal,Remediation,North America,,,,,4/18/2023,132,
"5,713,808","5,713,809",Server,Qualys,Application ID,Infrastructure Services (IS),6175;306295,Richard Shannon/Paolo Palombo,11406;91910;91943;,PLGSASCS617500B; PLGSASCS617500C; PLGSASCS617500D; PLGSASCS5220008; DWGSDSCS5190012; PWGSDSCS6175000; PLGSASCS6175001; PLGSASCS6175009; PWGSASCS6175002; PLGSASCS6159001; AWGSDSCLSHRDB02; PWGSDSCS4609120,02/02/2025,"Devlin, Chris",,Internal,Remediation,North America,,,,,4/19/2023,133,
"5,713,808","5,713,809",Server,Qualys,Application ID,Infrastructure Services (IS),6175;306296,Richard Shannon/Paolo Palombo,11406;91910;91943;,PLGSASCS617500B; PLGSASCS617500C; PLGSASCS617500D; PLGSASCS5220008; DWGSDSCS5190012; PWGSDSCS6175000; PLGSASCS6175001; PLGSASCS6175009; PWGSASCS6175002; PLGSASCS6159001; AWGSDSCLSHRDB02; PWGSDSCS4609121,02/03/2025,"Devlin, Chris",,Internal,Remediation,North America,,,,,4/20/2023,134,
"5,713,808","5,713,809",Server,Qualys,Application ID,Infrastructure Services (IS),6175;306297,Richard Shannon/Paolo Palombo,11406;91910;91943;,PLGSASCS617500B; PLGSASCS617500C; PLGSASCS617500D; PLGSASCS5220008; DWGSDSCS5190012; PWGSDSCS6175000; PLGSASCS6175001; PLGSASCS6175009; PWGSASCS6175002; PLGSASCS6159001; AWGSDSCLSHRDB02; PWGSDSCS4609122,02/04/2025,"Devlin, Chris",,Internal,Remediation,North America,,,,,4/21/2023,135,
"5,713,808","5,713,809",Server,Qualys,Application ID,Infrastructure Services (IS),6175;306298,Richard Shannon/Paolo Palombo,11406;91910;91943;,PLGSASCS617500B; PLGSASCS617500C; PLGSASCS617500D; PLGSASCS5220008; DWGSDSCS5190012; PWGSDSCS6175000; PLGSASCS6175001; PLGSASCS6175009; PWGSASCS6175002; PLGSASCS6159001; AWGSDSCLSHRDB02; PWGSDSCS4609123,02/05/2025,"Devlin, Chris",,Internal,Remediation,North America,,,,,4/22/2023,136,
"5,713,808","5,713,809",Server,Qualys,Application ID,Infrastructure Services (IS),6175;306299,Richard Shannon/Paolo Palombo,11406;91910;91943;,PLGSASCS617500B; PLGSASCS617500C; PLGSASCS617500D; PLGSASCS5220008; DWGSDSCS5190012; PWGSDSCS6175000; PLGSASCS6175001; PLGSASCS6175009; PWGSASCS6175002; PLGSASCS6159001; AWGSDSCLSHRDB02; PWGSDSCS4609124,02/06/2025,"Devlin, Chris",,Internal,Remediation,North America,,,,,4/23/2023,137,
"5,713,808","5,713,809",Server,Qualys,Application ID,Infrastructure Services (IS),6175;306300,Richard Shannon/Paolo Palombo,11406;91910;91943;,PLGSASCS617500B; PLGSASCS617500C; PLGSASCS617500D; PLGSASCS5220008; DWGSDSCS5190012; PWGSDSCS6175000; PLGSASCS6175001; PLGSASCS6175009; PWGSASCS6175002; PLGSASCS6159001; AWGSDSCLSHRDB02; PWGSDSCS4609125,02/07/2025,"Devlin, Chris",,Internal,Remediation,North America,,,,,4/24/2023,138,
"5,713,808","5,713,809",Server,Qualys,Application ID,Infrastructure Services (IS),6175;306301,Richard Shannon/Paolo Palombo,11406;91910;91943;,PLGSASCS617500B; PLGSASCS617500C; PLGSASCS617500D; PLGSASCS5220008; DWGSDSCS5190012; PWGSDSCS6175000; PLGSASCS6175001; PLGSASCS6175009; PWGSASCS6175002; PLGSASCS6159001; AWGSDSCLSHRDB02; PWGSDSCS4609126,02/08/2025,"Devlin, Chris",,Internal,Remediation,North America,,,,,4/25/2023,139,
